"","Rk","Name","YoB","Votes","%vote","HOFm","HOFs","Yrs","WAR","WAR7","JAWS","Jpos","G","AB","R","H","HR","RBI","SB","BB","BA","OBP","SLG","OPS","OPS+","W","L","ERA","ERA+","WHIP","G","GS","SV","IP","H","HR","BB","SO","Pos Summary","HoF"
"1","1","Randy Johnson","1st","534","97.3%","331","65","22","101.1","61.5","81.3","61.5","273","625","20","78","1","40","0","19",".125",".153",".152",".305","-22","303","166","3.29","135","1.171","618","603","2","4135.1","3346","411","1497","4875","*1/7",1
"2","2","Pedro Martinez","1st","500","91.1%","206","60","18","83.9","58.2","71.1","61.5","277","434","22","43","0","18","0","15",".099",".134",".122",".256","-32","219","100","2.93","154","1.054","476","409","3","2827.1","2221","239","760","3154","*1",1
"3","3","John Smoltz","1st","455","82.9%","162","44","21","69.0","38.7","53.9","61.5","709","948","77","151","5","61","3","79",".159",".226",".207",".433","16","213","155","3.33","125","1.176","723","481","154","3473.0","3074","288","1010","3084","*1/H",1
"4","4","Craig Biggio","3rd","454","82.7%","169","57","20","65.5","41.8","53.6","57.1","2850","10876","1844","3060","291","1175","414","1160",".281",".363",".433",".796","112","","","","","","","","","","","","","","*4*287H/D9",1
"5","5","Mike Piazza HOF","3rd","384","69.9%","207","62","16","59.5","43.1","51.3","44.3","1912","6911","1048","2127","427","1335","17","759",".308",".377",".545",".922","143","","","","","","","","","","","","","","*2DH3",0
"6","6","Jeff Bagwell HOF","5th","306","55.7%","150","59","15","79.9","48.4","64.2","53.4","2150","7797","1517","2314","449","1529","202","1401",".297",".408",".540",".948","149","","","","","","","","","","","","","","*3H/D9",0
"7","7","Tim Raines HOF","8th","302","55.0%","91","47","23","69.4","42.4","55.9","53.4","2502","8872","1571","2605","170","980","808","1330",".294",".385",".425",".810","123","","","","","","","","","","","","","","*7H8D4/9",0
"8","8","Curt Schilling","3rd","215","39.2%","171","46","20","79.5","48.6","64.1","61.5","402","773","39","117","0","29","1","25",".151",".178",".171",".348","-9","216","146","3.46","127","1.137","569","436","22","3261.0","2998","347","711","3116","*1/H",0
"9","9","Roger Clemens","3rd","206","37.5%","332","73","24","139.2","65.9","102.6","61.5","95","179","5","31","0","12","0","13",".173",".236",".207",".443","17","354","184","3.12","143","1.173","709","707","0","4916.2","4185","363","1580","4672","*1",0
"10","10","Barry Bonds","3rd","202","36.8%","340","77","22","162.8","72.7","117.8","53.4","2986","9847","2227","2935","762","1996","514","2558",".298",".444",".607","1.051","182","","","","","","","","","","","","","","*78HD/9",0
"11","11","Lee Smith HOF","13th","166","30.2%","127","13","18","28.9","20.8","24.8","32.5","770","64","2","3","1","2","0","3",".047",".090",".094",".183","-50","71","92","3.03","132","1.256","1022","6","478","1289.1","1133","89","486","1251","*1",0
"12","12","Edgar Martínez HOF","6th","148","27.0%","132","50","18","68.4","43.7","56.0","56.3","2055","7213","1219","2247","309","1261","49","1283",".312",".418",".515",".933","147","","","","","","","","","","","","","","*D*5H/3",0
"13","13","Alan Trammell HOF","14th","138","25.1%","119","40","20","70.6","44.8","57.7","55.5","2293","8288","1231","2365","185","1003","236","850",".285",".352",".415",".767","110","","","","","","","","","","","","","","*6HD5/478",0
"14","14","Mike Mussina HOF","2nd","135","24.6%","121","54","18","82.8","44.5","63.6","61.5","22","52","3","9","0","5","0","1",".173",".189",".192",".381","1","270","153","3.68","123","1.192","537","536","0","3562.2","3460","376","785","2813","*1",0
"15","15","Jeff Kent","2nd","77","14.0%","123","51","17","55.4","35.8","45.6","57.1","2298","8498","1320","2461","377","1518","94","801",".290",".356",".500",".855","123","","","","","","","","","","","","","","*453H/D6",0
"16","16","Fred McGriff HOF","6th","71","12.9%","100","48","19","52.6","36.0","44.3","53.4","2460","8757","1349","2490","493","1550","72","1305",".284",".377",".509",".886","134","","","","","","","","","","","","","","*3DH",0
"17","17","Larry Walker HOF","5th","65","11.8%","148","58","17","72.7","44.7","58.7","56.7","1988","6907","1355","2160","383","1311","230","913",".313",".400",".565",".965","141","","","","","","","","","","","","","","*9H387/D45",0
"18","18","Gary Sheffield","1st","64","11.7%","158","61","22","60.5","38.0","49.3","56.7","2576","9217","1636","2689","509","1676","253","1475",".292",".393",".514",".907","140","","","","","","","","","","","","","","*9*7*5*D6H/3",0
"19","19","Mark McGwire","9th","55","10.0%","170","42","16","62.1","41.9","52.0","53.4","1874","6187","1167","1626","583","1414","12","1317",".263",".394",".588",".982","163","","","","","","","","","","","","","","*3HD/59",0
"20","20","X-Don Mattingly","15th","50","9.1%","134","34","14","42.4","35.8","39.1","53.4","1785","7003","1007","2153","222","1099","14","588",".307",".358",".471",".830","127","","","","","","","","","","","","","","*3D9H7/548",0
"21","21","Sammy Sosa","3rd","36","6.6%","202","52","18","58.6","43.8","51.2","56.7","2354","8813","1475","2408","609","1667","234","929",".273",".344",".534",".878","128","","","","","","","","","","","","","","*98DH/7",0
"22","22","Nomar Garciaparra","1st","30","5.5%","113","41","14","44.3","43.1","43.7","55.5","1434","5586","927","1747","229","936","95","403",".313",".361",".521",".882","124","","","","","","","","","","","","","","*635H/D4",0
"23","23","X-Carlos Delgado","1st","21","3.8%","110","44","17","44.4","34.5","39.4","53.4","2035","7283","1241","2038","473","1512","14","1109",".280",".383",".546",".929","138","","","","","","","","","","","","","","*3D7H/2",0
"24","24","X-Troy Percival","1st","4","0.7%","85","14","14","17.0","14.8","15.9","32.5","68","5","0","0","0","0","0","0",".000",".000",".000",".000","-100","35","43","3.17","146","1.108","703","1","358","708.2","479","85","306","781","*1",0
"25","25","X-Aaron Boone","1st","2","0.4%","4","14","12","13.6","15.3","14.4","56.3","1152","3871","519","1017","126","555","107","303",".263",".326",".425",".751","94","","","","","","","","","","","","","","*53H6/4D",0
"26","26","X-Tom Gordon","1st","2","0.4%","44","15","21","35.0","23.3","29.1","32.5","239","2","0","0","0","0","0","0",".000",".000",".000",".000","-100","138","126","3.96","113","1.360","890","203","158","2108.0","1889","176","977","1928","*1/HD",0
"27","27","X-Darin Erstad","1st","1","0.2%","35","14","14","32.3","28.8","30.6","58.2","1654","6024","913","1697","124","699","179","475",".282",".336",".407",".743","93","","","","","","","","","","","","","","*3*8*7HD/9",0
"28","28","X-Jermaine Dye","1st","0","0.0%","49","25","14","20.3","23.3","21.8","56.7","1763","6487","984","1779","325","1072","46","597",".274",".338",".488",".826","111","","","","","","","","","","","","","","*9D/7H836",0
"29","29","X-Brian Giles","1st","0","0.0%","53","41","15","51.1","37.4","44.2","56.7","1847","6527","1121","1897","287","1078","109","1183",".291",".400",".502",".902","137","","","","","","","","","","","","","","*9*7*8HD",0
"30","30","X-Jason Schmidt","1st","0","0.0%","41","18","14","29.5","27.2","28.3","61.5","309","597","29","63","7","21","0","22",".106",".140",".156",".296","-23","130","96","3.96","110","1.321","323","314","0","1996.1","1846","184","792","1758","*1/H",0
"31","31","X-Cliff Floyd","1st","0","0.0%","23","22","17","25.9","25.1","25.5","53.4","1621","5319","824","1479","233","865","148","601",".278",".358",".482",".840","119","","","","","","","","","","","","","","*7H9D3/8",0
"32","32","X-Tony Clark","1st","0","0.0%","24","16","15","12.3","15.9","14.1","53.4","1559","4532","629","1188","251","824","6","527",".262",".339",".485",".824","112","","","","","","","","","","","","","","*3*HD/7",0
"33","33","X-Rich Aurilia","1st","0","0.0%","31","20","15","18.2","16.8","17.5","55.5","1652","5721","745","1576","186","756","23","450",".275",".328",".433",".762","99","","","","","","","","","","","","","","*635H4/D",0
"34","34","X-Eddie Guardado","1st","0","0.0%","46","6","17","13.2","10.8","12.0","32.5","77","1","0","0","0","0","0","0",".000",".000",".000",".000","-100","46","61","4.31","109","1.315","908","25","187","944.2","894","138","348","798","*1",0
"35","1","Ken Griffey Jr.","1st","437","99.3%","235","61","22","83.8","54.0","68.9","58.2","2671","9801","1662","2781","630","1836","184","1312",".284",".370",".538",".907","136","","","","","","","","","","","","","","*89DH/73",1
"36","2","Mike Piazza","4th","365","83.0%","207","62","16","59.5","43.1","51.3","44.3","1912","6911","1048","2127","427","1335","17","759",".308",".377",".545",".922","143","","","","","","","","","","","","","","*2DH3",1
"37","3","Jeff Bagwell HOF","6th","315","71.6%","150","59","15","79.9","48.4","64.2","53.4","2150","7797","1517","2314","449","1529","202","1401",".297",".408",".540",".948","149","","","","","","","","","","","","","","*3H/D9",0
"38","4","Tim Raines HOF","9th","307","69.8%","91","47","23","69.4","42.4","55.9","53.4","2502","8872","1571","2605","170","980","808","1330",".294",".385",".425",".810","123","","","","","","","","","","","","","","*7H8D4/9",0
"39","5","Trevor Hoffman HOF","1st","296","67.3%","159","19","18","28.0","19.4","23.7","32.5","1007","34","1","4","0","5","0","0",".118",".118",".176",".294","-22","61","75","2.87","141","1.058","1035","0","601","1089.1","846","100","307","1133","*1",0
"40","6","Curt Schilling","4th","230","52.3%","171","46","20","79.5","48.6","64.1","61.5","402","773","39","117","0","29","1","25",".151",".178",".171",".348","-9","216","146","3.46","127","1.137","569","436","22","3261.0","2998","347","711","3116","*1/H",0
"41","7","Roger Clemens","4th","199","45.2%","332","73","24","139.2","65.9","102.6","61.5","95","179","5","31","0","12","0","13",".173",".236",".207",".443","17","354","184","3.12","143","1.173","709","707","0","4916.2","4185","363","1580","4672","*1",0
"42","8","Barry Bonds","4th","195","44.3%","340","77","22","162.8","72.7","117.8","53.4","2986","9847","2227","2935","762","1996","514","2558",".298",".444",".607","1.051","182","","","","","","","","","","","","","","*78HD/9",0
"43","9","Edgar Martínez HOF","7th","191","43.4%","132","50","18","68.4","43.7","56.0","56.3","2055","7213","1219","2247","309","1261","49","1283",".312",".418",".515",".933","147","","","","","","","","","","","","","","*D*5H/3",0
"44","10","Mike Mussina HOF","3rd","189","43.0%","121","54","18","82.8","44.5","63.6","61.5","22","52","3","9","0","5","0","1",".173",".189",".192",".381","1","270","153","3.68","123","1.192","537","536","0","3562.2","3460","376","785","2813","*1",0
"45","11","X-Alan Trammell HOF","15th","180","40.9%","119","40","20","70.6","44.8","57.7","55.5","2293","8288","1231","2365","185","1003","236","850",".285",".352",".415",".767","110","","","","","","","","","","","","","","*6HD5/478",0
"46","12","Lee Smith HOF","14th","150","34.1%","127","13","18","28.9","20.8","24.8","32.5","770","64","2","3","1","2","0","3",".047",".090",".094",".183","-50","71","92","3.03","132","1.256","1022","6","478","1289.1","1133","89","486","1251","*1",0
"47","13","Fred McGriff HOF","7th","92","20.9%","100","48","19","52.6","36.0","44.3","53.4","2460","8757","1349","2490","493","1550","72","1305",".284",".377",".509",".886","134","","","","","","","","","","","","","","*3DH",0
"48","14","Jeff Kent","3rd","73","16.6%","123","51","17","55.4","35.8","45.6","57.1","2298","8498","1320","2461","377","1518","94","801",".290",".356",".500",".855","123","","","","","","","","","","","","","","*453H/D6",0
"49","15","Larry Walker HOF","6th","68","15.5%","148","58","17","72.7","44.7","58.7","56.7","1988","6907","1355","2160","383","1311","230","913",".313",".400",".565",".965","141","","","","","","","","","","","","","","*9H387/D45",0
"50","16","X-Mark McGwire","10th","54","12.3%","170","42","16","62.1","41.9","52.0","53.4","1874","6187","1167","1626","583","1414","12","1317",".263",".394",".588",".982","163","","","","","","","","","","","","","","*3HD/59",0
"51","17","Gary Sheffield","2nd","51","11.6%","158","61","22","60.5","38.0","49.3","56.7","2576","9217","1636","2689","509","1676","253","1475",".292",".393",".514",".907","140","","","","","","","","","","","","","","*9*7*5*D6H/3",0
"52","18","Billy Wagner","1st","46","10.5%","107","24","16","27.7","19.8","23.7","32.5","810","20","1","2","0","1","0","1",".100",".143",".100",".243","-35","47","40","2.31","187","0.998","853","0","422","903.0","601","82","300","1196","*1",0
"53","19","Sammy Sosa","4th","31","7.0%","202","52","18","58.6","43.8","51.2","56.7","2354","8813","1475","2408","609","1667","234","929",".273",".344",".534",".878","128","","","","","","","","","","","","","","*98DH/7",0
"54","20","X-Jim Edmonds","1st","11","2.5%","89","39","17","60.4","42.6","51.5","58.2","2011","6858","1251","1949","393","1199","67","998",".284",".376",".527",".903","132","","","","","","","","","","","","","","*8H739/D",0
"55","21","X-Nomar Garciaparra","2nd","8","1.8%","113","41","14","44.3","43.1","43.7","55.5","1434","5586","927","1747","229","936","95","403",".313",".361",".521",".882","124","","","","","","","","","","","","","","*635H/D4",0
"56","22","X-Mike Sweeney","1st","3","0.7%","49","28","16","24.8","21.8","23.3","53.4","1454","5188","759","1540","215","909","53","522",".297",".366",".486",".851","118","","","","","","","","","","","","","","*D*32H",0
"57","23","X-Jason Kendall","1st","2","0.5%","108","38","15","41.7","30.4","36.0","44.3","2085","7627","1030","2195","75","744","189","721",".288",".366",".378",".744","95","","","","","","","","","","","","","","*2H/79D",0
"58","24","X-David Eckstein","1st","2","0.5%","28","21","10","20.9","19.1","20.0","55.5","1311","5041","701","1414","35","392","123","376",".280",".345",".355",".701","87","","","","","","","","","","","","","","*64HD",0
"59","25","X-Garret Anderson","1st","1","0.2%","74","33","17","25.7","22.8","24.2","53.4","2228","8640","1084","2529","287","1365","80","429",".293",".324",".461",".785","102","","","","","","","","","","","","","","*7*8D9H",0
"60","26","X-Randy Winn","1st","0","0.0%","20","19","13","27.5","24.6","26.1","58.2","1717","6186","863","1759","110","662","215","526",".284",".343",".416",".759","99","","","","","","","","","","","","","","*8*9*7H/D5",0
"61","27","X-Mike Lowell","1st","0","0.0%","41","23","13","24.8","23.5","24.1","56.3","1601","5813","771","1619","223","952","30","548",".279",".342",".464",".805","108","","","","","","","","","","","","","","*5H3D/4",0
"62","28","X-Mike Hampton","1st","0","0.0%","27","13","16","28.2","25.2","26.7","61.5","423","725","97","178","16","79","3","47",".246",".294",".356",".650","67","148","115","4.06","107","1.442","419","355","1","2268.1","2370","200","901","1387","*1/H",0
"63","29","X-Mark Grudzielanek","1st","0","0.0%","49","25","15","26.5","20.7","23.6","57.1","1802","7052","946","2040","90","640","133","364",".289",".332",".393",".725","90","","","","","","","","","","","","","","*4*6H5/D",0
"64","30","X-Troy Glaus","1st","0","0.0%","59","28","13","38.1","32.9","35.5","56.3","1537","5410","889","1375","320","950","56","854",".254",".358",".489",".847","119","","","","","","","","","","","","","","*53DH/6",0
"65","31","X-Luis Castillo","1st","0","0.0%","61","31","15","29.1","24.0","26.6","57.1","1720","6510","1001","1889","28","443","370","800",".290",".368",".351",".719","92","","","","","","","","","","","","","","*4H",0
"66","32","X-Brad Ausmus","1st","0","0.0%","80","25","18","16.5","15.1","15.8","44.3","1971","6279","718","1579","80","607","102","634",".251",".325",".344",".669","75","","","","","","","","","","","","","","*2H/3456",0
"67","1","Jeff Bagwell","7th","381","86.2%","150","59","15","79.9","48.4","64.2","53.4","2150","7797","1517","2314","449","1529","202","1401",".297",".408",".540",".948","149","","","","","","","","","","","","","","*3H/D9",1
"68","2","Tim Raines","10th","380","86.0%","91","47","23","69.4","42.4","55.9","53.4","2502","8872","1571","2605","170","980","808","1330",".294",".385",".425",".810","123","","","","","","","","","","","","","","*7H8D4/9",1
"69","3","Iván Rodríguez","1st","336","76.0%","226","59","21","68.7","39.8","54.3","44.3","2543","9592","1354","2844","311","1332","127","513",".296",".334",".464",".798","106","","","","","","","","","","","","","","*2HD/34",1
"70","4","Trevor Hoffman HOF","2nd","327","74.0%","159","19","18","28.0","19.4","23.7","32.5","1007","34","1","4","0","5","0","0",".118",".118",".176",".294","-22","61","75","2.87","141","1.058","1035","0","601","1089.1","846","100","307","1133","*1",0
"71","5","Vladimir Guerrero HOF","1st","317","71.7%","209","59","16","59.5","41.2","50.3","56.7","2147","8155","1328","2590","449","1496","181","737",".318",".379",".553",".931","140","","","","","","","","","","","","","","*9*DH/87",0
"72","6","Edgar Martínez HOF","8th","259","58.6%","132","50","18","68.4","43.7","56.0","56.3","2055","7213","1219","2247","309","1261","49","1283",".312",".418",".515",".933","147","","","","","","","","","","","","","","*D*5H/3",0
"73","7","Roger Clemens","5th","239","54.1%","332","73","24","139.2","65.9","102.6","61.5","95","179","5","31","0","12","0","13",".173",".236",".207",".443","17","354","184","3.12","143","1.173","709","707","0","4916.2","4185","363","1580","4672","*1",0
"74","8","Barry Bonds","5th","238","53.8%","340","77","22","162.8","72.7","117.8","53.4","2986","9847","2227","2935","762","1996","514","2558",".298",".444",".607","1.051","182","","","","","","","","","","","","","","*78HD/9",0
"75","9","Mike Mussina HOF","4th","229","51.8%","121","54","18","82.8","44.5","63.6","61.5","22","52","3","9","0","5","0","1",".173",".189",".192",".381","1","270","153","3.68","123","1.192","537","536","0","3562.2","3460","376","785","2813","*1",0
"76","10","Curt Schilling","5th","199","45.0%","171","46","20","79.5","48.6","64.1","61.5","402","773","39","117","0","29","1","25",".151",".178",".171",".348","-9","216","146","3.46","127","1.137","569","436","22","3261.0","2998","347","711","3116","*1/H",0
"77","11","X-Lee Smith HOF","15th","151","34.2%","127","13","18","28.9","20.8","24.8","32.5","770","64","2","3","1","2","0","3",".047",".090",".094",".183","-50","71","92","3.03","132","1.256","1022","6","478","1289.1","1133","89","486","1251","*1",0
"78","12","Manny Ramirez","1st","105","23.8%","226","69","19","69.3","39.9","54.6","53.4","2302","8244","1544","2574","555","1831","38","1329",".312",".411",".585",".996","154","","","","","","","","","","","","","","*7*9*DH",0
"79","13","Larry Walker HOF","7th","97","21.9%","148","58","17","72.7","44.7","58.7","56.7","1988","6907","1355","2160","383","1311","230","913",".313",".400",".565",".965","141","","","","","","","","","","","","","","*9H387/D45",0
"80","14","Fred McGriff HOF","8th","96","21.7%","100","48","19","52.6","36.0","44.3","53.4","2460","8757","1349","2490","493","1550","72","1305",".284",".377",".509",".886","134","","","","","","","","","","","","","","*3DH",0
"81","15","Jeff Kent","4th","74","16.7%","123","51","17","55.4","35.8","45.6","57.1","2298","8498","1320","2461","377","1518","94","801",".290",".356",".500",".855","123","","","","","","","","","","","","","","*453H/D6",0
"82","16","Gary Sheffield","3rd","59","13.3%","158","61","22","60.5","38.0","49.3","56.7","2576","9217","1636","2689","509","1676","253","1475",".292",".393",".514",".907","140","","","","","","","","","","","","","","*9*7*5*D6H/3",0
"83","17","Billy Wagner","2nd","45","10.2%","107","24","16","27.7","19.8","23.7","32.5","810","20","1","2","0","1","0","1",".100",".143",".100",".243","-35","47","40","2.31","187","0.998","853","0","422","903.0","601","82","300","1196","*1",0
"84","18","Sammy Sosa","5th","38","8.6%","202","52","18","58.6","43.8","51.2","56.7","2354","8813","1475","2408","609","1667","234","929",".273",".344",".534",".878","128","","","","","","","","","","","","","","*98DH/7",0
"85","19","X-Jorge Posada","1st","17","3.8%","98","40","17","42.7","32.6","37.6","44.3","1829","6092","900","1664","275","1065","20","936",".273",".374",".474",".848","121","","","","","","","","","","","","","","*2DH3/4",0
"86","20","X-Magglio Ordóñez","1st","3","0.7%","114","42","15","38.8","32.0","35.4","56.7","1848","6978","1076","2156","294","1236","94","651",".309",".369",".502",".871","125","","","","","","","","","","","","","","*9DH/8",0
"87","21","X-Édgar Rentería","1st","2","0.5%","109","38","16","32.4","25.7","29.0","55.5","2152","8142","1200","2327","140","923","294","718",".286",".343",".398",".741","94","","","","","","","","","","","","","","*6H/4D3",0
"88","22","X-Jason Varitek","1st","2","0.5%","54","31","15","24.2","18.8","21.5","44.3","1546","5099","664","1307","193","757","25","614",".256",".341",".435",".776","99","","","","","","","","","","","","","","*2H/D",0
"89","23","X-Tim Wakefield","1st","1","0.2%","30","26","19","34.4","24.8","29.6","61.5","70","111","4","13","1","4","0","3",".117",".148",".162",".310","-16","200","180","4.41","105","1.350","627","463","22","3226.1","3152","418","1205","2156","*1/H",0
"90","24","X-Melvin Mora","1st","0","0.0%","19","19","13","28.2","26.0","27.1","56.3","1556","5422","794","1503","171","754","93","520",".277",".350",".431",".781","105","","","","","","","","","","","","","","*5678H4/93D",0
"91","25","X-Arthur Rhodes","1st","0","0.0%","28","11","20","15.2","14.0","14.6","32.5","259","6","0","1","0","0","0","0",".167",".167",".167",".333","-11","87","70","4.08","109","1.304","900","61","33","1187.2","1033","126","516","1152","*1/H",0
"92","26","X-Derrek Lee","1st","0","0.0%","58","30","15","34.6","27.3","30.9","53.4","1942","6962","1081","1959","331","1078","104","874",".281",".365",".495",".859","122","","","","","","","","","","","","","","*3H/D",0
"93","27","X-Freddy Sanchez","1st","0","0.0%","34","11","10","15.8","16.1","16.0","57.1","904","3402","434","1012","48","371","13","180",".297",".335",".413",".748","98","","","","","","","","","","","","","","*45H6/D",0
"94","28","X-Carlos Guillén","1st","0","0.0%","30","25","14","27.7","24.2","26.0","55.5","1305","4673","733","1331","124","660","74","510",".285",".355",".443",".798","111","","","","","","","","","","","","","","*654D37H",0
"95","29","X-J.D. Drew","1st","0","0.0%","20","26","14","44.9","32.1","38.5","56.7","1566","5173","944","1437","242","795","87","862",".278",".384",".489",".873","125","","","","","","","","","","","","","","*98H7/D",0
"96","30","X-Mike Cameron","1st","0","0.0%","13","24","17","46.7","32.7","39.7","58.2","1955","6839","1064","1700","278","968","297","867",".249",".338",".444",".782","106","","","","","","","","","","","","","","*89H/D7",0
"97","31","X-Orlando Cabrera","1st","0","0.0%","46","25","15","21.3","20.0","20.7","55.5","1985","7562","985","2055","123","854","216","514",".272",".317",".390",".707","84","","","","","","","","","","","","","","*64H/5D",0
"98","32","X-Matt Stairs","1st","0","0.0%","9","20","19","14.1","12.9","13.5","56.7","1895","5204","770","1366","265","899","30","717",".262",".356",".477",".832","117","","","","","","","","","","","","","","*9*H*D37/84",0
"99","33","X-Pat Burrell","1st","0","0.0%","20","24","12","18.9","16.6","17.7","53.4","1640","5503","767","1393","292","976","7","932",".253",".361",".472",".834","116","","","","","","","","","","","","","","*7DH3/9",0
"100","34","X-Casey Blake","1st","0","0.0%","6","15","13","24.8","22.2","23.5","56.3","1265","4500","644","1186","167","616","36","445",".264",".336",".442",".778","107","","","","","","","","","","","","","","*593H/D746",0
"101","1","Chipper Jones","1st","410","97.2%","181","70","19","85.3","46.8","66.0","56.3","2499","8984","1619","2726","468","1623","150","1512",".303",".401",".529",".930","141","","","","","","","","","","","","","","*5*7H6/D9",1
"102","2","Vladimir Guerrero","2nd","392","92.9%","209","59","16","59.5","41.2","50.3","56.7","2147","8155","1328","2590","449","1496","181","737",".318",".379",".553",".931","140","","","","","","","","","","","","","","*9*DH/87",1
"103","3","Jim Thome","1st","379","89.8%","156","57","22","73.1","41.5","57.3","53.4","2543","8422","1583","2328","612","1699","19","1747",".276",".402",".554",".956","147","","","","","","","","","","","","","","*3*D*5H",1
"104","4","Trevor Hoffman","3rd","337","79.9%","159","19","18","28.0","19.4","23.7","32.5","1007","34","1","4","0","5","0","0",".118",".118",".176",".294","-22","61","75","2.87","141","1.058","1035","0","601","1089.1","846","100","307","1133","*1",1
"105","5","Edgar Martínez HOF","9th","297","70.4%","132","50","18","68.4","43.7","56.0","56.3","2055","7213","1219","2247","309","1261","49","1283",".312",".418",".515",".933","147","","","","","","","","","","","","","","*D*5H/3",0
"106","6","Mike Mussina HOF","5th","268","63.5%","121","54","18","82.8","44.5","63.6","61.5","22","52","3","9","0","5","0","1",".173",".189",".192",".381","1","270","153","3.68","123","1.192","537","536","0","3562.2","3460","376","785","2813","*1",0
"107","7","Roger Clemens","6th","242","57.3%","332","73","24","139.2","65.9","102.6","61.5","95","179","5","31","0","12","0","13",".173",".236",".207",".443","17","354","184","3.12","143","1.173","709","707","0","4916.2","4185","363","1580","4672","*1",0
"108","8","Barry Bonds","6th","238","56.4%","340","77","22","162.8","72.7","117.8","53.4","2986","9847","2227","2935","762","1996","514","2558",".298",".444",".607","1.051","182","","","","","","","","","","","","","","*78HD/9",0
"109","9","Curt Schilling","6th","216","51.2%","171","46","20","79.5","48.6","64.1","61.5","402","773","39","117","0","29","1","25",".151",".178",".171",".348","-9","216","146","3.46","127","1.137","569","436","22","3261.0","2998","347","711","3116","*1/H",0
"110","10","Omar Vizquel","1st","156","37.0%","120","42","24","45.6","26.8","36.2","55.5","2968","10586","1445","2877","80","951","404","1028",".272",".336",".352",".688","82","","","","","","","","","","","","","","*65H4/D379",0
"111","11","Larry Walker HOF","8th","144","34.1%","148","58","17","72.7","44.7","58.7","56.7","1988","6907","1355","2160","383","1311","230","913",".313",".400",".565",".965","141","","","","","","","","","","","","","","*9H387/D45",0
"112","12","Fred McGriff HOF","9th","98","23.2%","100","48","19","52.6","36.0","44.3","53.4","2460","8757","1349","2490","493","1550","72","1305",".284",".377",".509",".886","134","","","","","","","","","","","","","","*3DH",0
"113","13","Manny Ramirez","2nd","93","22.0%","226","69","19","69.3","39.9","54.6","53.4","2302","8244","1544","2574","555","1831","38","1329",".312",".411",".585",".996","154","","","","","","","","","","","","","","*7*9*DH",0
"114","14","Jeff Kent","5th","61","14.5%","123","51","17","55.4","35.8","45.6","57.1","2298","8498","1320","2461","377","1518","94","801",".290",".356",".500",".855","123","","","","","","","","","","","","","","*453H/D6",0
"115","15","Billy Wagner","3rd","47","11.1%","107","24","16","27.7","19.8","23.7","32.5","810","20","1","2","0","1","0","1",".100",".143",".100",".243","-35","47","40","2.31","187","0.998","853","0","422","903.0","601","82","300","1196","*1",0
"116","16","Gary Sheffield","4th","47","11.1%","158","61","22","60.5","38.0","49.3","56.7","2576","9217","1636","2689","509","1676","253","1475",".292",".393",".514",".907","140","","","","","","","","","","","","","","*9*7*5*D6H/3",0
"117","17","Scott Rolen HOF","1st","43","10.2%","99","40","17","70.1","43.6","56.9","56.3","2038","7398","1211","2077","316","1287","118","899",".281",".364",".490",".855","122","","","","","","","","","","","","","","*5/H",0
"118","18","Sammy Sosa","6th","33","7.8%","202","52","18","58.6","43.8","51.2","56.7","2354","8813","1475","2408","609","1667","234","929",".273",".344",".534",".878","128","","","","","","","","","","","","","","*98DH/7",0
"119","19","Andruw Jones","1st","31","7.3%","109","34","17","62.7","46.4","54.6","58.2","2196","7599","1204","1933","434","1289","152","891",".254",".337",".486",".823","111","","","","","","","","","","","","","","*89H7D/3",0
"120","20","X-Jamie Moyer","1st","10","2.4%","56","39","25","49.8","32.8","41.3","61.5","236","400","24","51","0","15","0","35",".128",".199",".140",".339","-8","269","209","4.25","103","1.322","696","638","0","4074.0","4231","522","1155","2441","*1/H",0
"121","21","X-Johan Santana","1st","10","2.4%","82","35","12","51.7","45.0","48.3","61.5","117","248","11","40","1","9","0","9",".161",".191",".230",".421","13","139","78","3.20","136","1.132","360","284","1","2025.2","1726","220","567","1988","*1",0
"122","22","X-Johnny Damon","1st","8","1.9%","90","45","18","56.3","32.9","44.6","58.2","2490","9736","1668","2769","235","1139","408","1003",".284",".352",".433",".785","104","","","","","","","","","","","","","","*8*7*D9H/3",0
"123","23","X-Hideki Matsui","1st","4","0.9%","37","21","10","21.2","21.3","21.3","53.4","1236","4442","656","1253","175","760","13","547",".282",".360",".462",".822","118","","","","","","","","","","","","","","*7*D8H/9",0
"124","24","X-Kerry Wood","1st","2","0.5%","24","14","14","27.6","24.9","26.2","32.5","341","346","23","59","7","32","0","11",".171",".196",".249",".444","15","86","75","3.67","117","1.267","446","178","63","1380.0","1083","148","666","1582","*1/H",0
"125","25","X-Chris Carpenter","1st","2","0.5%","70","26","15","34.2","29.3","31.8","61.5","196","439","18","52","2","21","0","12",".118",".145",".150",".296","-21","144","94","3.76","116","1.276","350","332","0","2219.1","2205","220","627","1697","*1",0
"126","26","X-Carlos Lee","1st","1","0.2%","79","35","14","28.3","23.3","25.8","53.4","2099","7983","1125","2273","358","1363","125","655",".285",".339",".483",".821","113","","","","","","","","","","","","","","*73D/H",0
"127","27","X-Liván Hernández","1st","1","0.2%","41","16","17","30.0","27.4","28.7","61.5","491","973","64","215","10","85","0","10",".221",".231",".295",".526","38","178","177","4.44","95","1.440","519","474","1","3189.0","3525","362","1066","1976","*1/H",0
"128","28","X-Kevin Millwood","1st","0","0.0%","34","20","16","29.8","24.9","27.3","61.5","241","472","22","57","4","27","0","21",".121",".158",".178",".336","-13","169","152","4.11","106","1.328","451","443","0","2720.1","2770","296","843","2083","*1",0
"129","29","X-Brad Lidge","1st","0","0.0%","48","10","11","7.9","12.1","10.0","32.5","578","7","0","2","0","2","0","0",".286",".286",".429",".714","81","26","32","3.54","122","1.291","603","1","225","603.1","492","57","287","799","*1",0
"130","30","X-Jason Isringhausen","1st","0","0.0%","71","7","16","13.0","12.0","12.5","32.5","500","104","11","21","2","16","0","5",".202",".241",".317",".558","48","51","55","3.64","115","1.328","724","52","300","1007.2","901","85","437","830","*1",0
"131","31","X-Aubrey Huff","1st","0","0.0%","30","20","13","20.5","22.7","21.6","53.4","1681","6104","806","1699","242","904","37","571",".278",".342",".464",".806","114","","","","","","","","","","","","","","*3*D*59H7/4",0
"132","32","X-Orlando Hudson","1st","0","0.0%","21","18","11","30.9","27.3","29.1","57.1","1345","4825","648","1319","93","542","85","483",".273",".341",".412",".752","97","","","","","","","","","","","","","","*4H/5D",0
"133","33","X-Carlos Zambrano","1st","0","0.0%","30","23","12","43.9","38.3","41.1","61.5","365","693","75","165","24","71","1","10",".238",".248",".388",".636","62","132","91","3.66","120","1.331","354","302","0","1959.0","1709","161","898","1637","*1H",0
"134","1","Mariano Rivera","1st","425","100.0%","214","30","19","56.3","28.7","42.5","32.5","73","3","0","0","0","1","0","1",".000",".250",".000",".250","-27","82","60","2.21","205","1.000","1115","10","652","1283.2","998","71","286","1173","*1",1
"135","2","Roy Halladay","1st","363","85.4%","127","45","16","64.2","50.6","57.4","61.5","115","275","15","34","0","12","0","4",".124",".136",".131",".267","-27","203","105","3.38","131","1.178","416","390","1","2749.1","2646","236","592","2117","*1",1
"136","3","Edgar Martínez","10th","363","85.4%","132","50","18","68.4","43.7","56.0","56.3","2055","7213","1219","2247","309","1261","49","1283",".312",".418",".515",".933","147","","","","","","","","","","","","","","*D*5H/3",1
"137","4","Mike Mussina","6th","326","76.7%","121","54","18","82.8","44.5","63.6","61.5","22","52","3","9","0","5","0","1",".173",".189",".192",".381","1","270","153","3.68","123","1.192","537","536","0","3562.2","3460","376","785","2813","*1",1
"138","5","Curt Schilling","7th","259","60.9%","171","46","20","79.5","48.6","64.1","61.5","402","773","39","117","0","29","1","25",".151",".178",".171",".348","-9","216","146","3.46","127","1.137","569","436","22","3261.0","2998","347","711","3116","*1/H",0
"139","6","Roger Clemens","7th","253","59.5%","332","73","24","139.2","65.9","102.6","61.5","95","179","5","31","0","12","0","13",".173",".236",".207",".443","17","354","184","3.12","143","1.173","709","707","0","4916.2","4185","363","1580","4672","*1",0
"140","7","Barry Bonds","7th","251","59.1%","340","77","22","162.8","72.7","117.8","53.4","2986","9847","2227","2935","762","1996","514","2558",".298",".444",".607","1.051","182","","","","","","","","","","","","","","*78HD/9",0
"141","8","Larry Walker HOF","9th","232","54.6%","148","58","17","72.7","44.7","58.7","56.7","1988","6907","1355","2160","383","1311","230","913",".313",".400",".565",".965","141","","","","","","","","","","","","","","*9H387/D45",0
"142","9","Omar Vizquel","2nd","182","42.8%","120","42","24","45.6","26.8","36.2","55.5","2968","10586","1445","2877","80","951","404","1028",".272",".336",".352",".688","82","","","","","","","","","","","","","","*65H4/D379",0
"143","10","X-Fred McGriff HOF","10th","169","39.8%","100","48","19","52.6","36.0","44.3","53.4","2460","8757","1349","2490","493","1550","72","1305",".284",".377",".509",".886","134","","","","","","","","","","","","","","*3DH",0
"144","11","Manny Ramirez","3rd","97","22.8%","226","69","19","69.3","39.9","54.6","53.4","2302","8244","1544","2574","555","1831","38","1329",".312",".411",".585",".996","154","","","","","","","","","","","","","","*7*9*DH",0
"145","12","Jeff Kent","6th","77","18.1%","123","51","17","55.4","35.8","45.6","57.1","2298","8498","1320","2461","377","1518","94","801",".290",".356",".500",".855","123","","","","","","","","","","","","","","*453H/D6",0
"146","13","Scott Rolen HOF","2nd","73","17.2%","99","40","17","70.1","43.6","56.9","56.3","2038","7398","1211","2077","316","1287","118","899",".281",".364",".490",".855","122","","","","","","","","","","","","","","*5/H",0
"147","14","Billy Wagner","4th","71","16.7%","107","24","16","27.7","19.8","23.7","32.5","810","20","1","2","0","1","0","1",".100",".143",".100",".243","-35","47","40","2.31","187","0.998","853","0","422","903.0","601","82","300","1196","*1",0
"148","15","Todd Helton HOF","1st","70","16.5%","175","59","17","61.8","46.6","54.2","53.4","2247","7962","1401","2519","369","1406","37","1335",".316",".414",".539",".953","133","","","","","","","","","","","","","","*3H/7D9",0
"149","16","Gary Sheffield","5th","58","13.6%","158","61","22","60.5","38.0","49.3","56.7","2576","9217","1636","2689","509","1676","253","1475",".292",".393",".514",".907","140","","","","","","","","","","","","","","*9*7*5*D6H/3",0
"150","17","Andy Pettitte","1st","42","9.9%","128","44","18","60.2","34.1","47.2","61.5","108","196","6","27","1","13","0","6",".138",".163",".184",".346","-10","256","153","3.85","117","1.351","531","521","0","3316.0","3448","288","1031","2448","*1/H",0
"151","18","Sammy Sosa","7th","36","8.5%","202","52","18","58.6","43.8","51.2","56.7","2354","8813","1475","2408","609","1667","234","929",".273",".344",".534",".878","128","","","","","","","","","","","","","","*98DH/7",0
"152","19","Andruw Jones","2nd","32","7.5%","109","34","17","62.7","46.4","54.6","58.2","2196","7599","1204","1933","434","1289","152","891",".254",".337",".486",".823","111","","","","","","","","","","","","","","*89H7D/3",0
"153","20","X-Michael Young","1st","9","2.1%","112","36","14","24.7","21.4","23.1","55.5","1970","7918","1137","2375","185","1030","90","575",".300",".346",".441",".787","104","","","","","","","","","","","","","","*6*5*4D3/H",0
"154","21","X-Miguel Tejada","1st","5","1.2%","149","44","16","47.1","36.6","41.9","55.5","2171","8434","1230","2407","307","1302","85","553",".285",".336",".456",".791","108","","","","","","","","","","","","","","*654/HD3",0
"155","22","X-Lance Berkman","1st","5","1.2%","98","44","15","51.9","39.2","45.6","53.4","1879","6491","1146","1905","366","1234","86","1201",".293",".406",".537",".943","144","","","","","","","","","","","","","","*3*7*98DH",0
"156","23","X-Roy Oswalt","1st","4","0.9%","59","34","13","50.0","40.2","45.1","61.5","335","657","30","101","1","36","0","27",".154",".193",".169",".362","-4","163","102","3.36","127","1.211","365","341","0","2245.1","2199","197","520","1852","*1/H7",0
"157","24","X-Plácido Polanco","1st","2","0.5%","42","26","16","41.9","32.4","37.1","57.1","1927","7214","1009","2142","104","723","81","429",".297",".343",".397",".740","95","","","","","","","","","","","","","","*4*56H/7D3",0
"158","25","X-Vernon Wells","1st","0","0.0%","52","19","15","28.6","26.2","27.4","58.2","1731","6642","930","1794","270","958","109","472",".270",".319",".459",".778","104","","","","","","","","","","","","","","*87D9H/345",0
"159","26","X-Kevin Youkilis","1st","0","0.0%","29","23","10","32.4","31.2","31.8","53.4","1061","3749","653","1053","150","618","26","539",".281",".382",".478",".861","124","","","","","","","","","","","","","","*3*5H/7D49",0
"160","27","X-Darren Oliver","1st","0","0.0%","20","9","20","22.2","16.8","19.5","32.5","181","217","17","48","1","20","0","8",".221",".259",".286",".544","38","118","98","4.51","104","1.439","766","229","7","1915.2","2037","216","720","1259","*1/H",0
"161","28","X-Juan Pierre","1st","0","0.0%","63","23","14","17.3","16.6","17.0","58.2","1994","7525","1075","2217","18","517","614","464",".295",".343",".361",".704","84","","","","","","","","","","","","","","*8*7H/D",0
"162","29","X-Rick Ankiel","1st","0","0.0%","0","5","11","5.5","6.5","6.0","58.2","651","1921","260","462","76","251","21","162",".240",".302",".422",".724","92","13","10","3.90","119","1.355","51","41","1","242.0","198","32","130","269","*8H917",0
"163","30","X-Derek Lowe","1st","0","0.0%","51","19","17","34.3","28.3","31.3","61.5","258","436","30","65","1","25","1","29",".149",".201",".186",".387","4","176","157","4.03","109","1.330","681","377","86","2671.1","2759","217","794","1722","*1/H",0
"164","31","X-Ted Lilly","1st","0","0.0%","12","16","15","27.1","24.6","25.8","61.5","186","347","10","35","0","17","3","8",".101",".124",".124",".248","-34","130","113","4.14","106","1.255","356","331","0","1982.2","1827","293","661","1681","*1/H",0
"165","32","X-Travis Hafner","1st","0","0.0%","31","19","12","24.8","24.6","24.7","53.4","1183","4058","619","1107","213","731","11","598",".273",".376",".498",".874","134","","","","","","","","","","","","","","*DH3",0
"166","33","X-Jon Garland","1st","0","0.0%","17","9","13","22.5","19.5","21.0","61.5","102","175","12","24","1","7","0","10",".137",".187",".166",".353","-4","136","125","4.37","103","1.387","365","342","1","2151.1","2260","263","723","1156","*1/H",0
"167","34","X-Freddy García","1st","0","0.0%","38","23","15","34.2","27.4","30.8","61.5","39","77","1","12","0","4","0","2",".156",".175",".182",".357","-5","156","108","4.15","107","1.303","376","357","0","2264.0","2243","285","708","1621","*1/H",0
"168","35","X-Jason Bay","1st","0","0.0%","47","21","11","24.8","24.6","24.7","53.4","1278","4505","737","1200","222","754","95","636",".266",".360",".481",".841","121","","","","","","","","","","","","","","*78H/9D",0
"169","1","Derek Jeter","1st","396","99.7%","337","67","20","71.3","42.4","56.8","55.5","2747","11195","1923","3465","260","1311","358","1082",".310",".377",".440",".817","115","","","","","","","","","","","","","","*6D/H",1
"170","2","Larry Walker","10th","304","76.6%","148","58","17","72.7","44.7","58.7","56.7","1988","6907","1355","2160","383","1311","230","913",".313",".400",".565",".965","141","","","","","","","","","","","","","","*9H387/D45",1
"171","3","Curt Schilling","8th","278","70.0%","171","46","20","79.5","48.6","64.1","61.5","402","773","39","117","0","29","1","25",".151",".178",".171",".348","-9","216","146","3.46","127","1.137","569","436","22","3261.0","2998","347","711","3116","*1/H",0
"172","4","Roger Clemens","8th","242","61.0%","332","73","24","139.2","65.9","102.6","61.5","95","179","5","31","0","12","0","13",".173",".236",".207",".443","17","354","184","3.12","143","1.173","709","707","0","4916.2","4185","363","1580","4672","*1",0
"173","5","Barry Bonds","8th","241","60.7%","340","77","22","162.8","72.7","117.8","53.4","2986","9847","2227","2935","762","1996","514","2558",".298",".444",".607","1.051","182","","","","","","","","","","","","","","*78HD/9",0
"174","6","Omar Vizquel","3rd","209","52.6%","120","42","24","45.6","26.8","36.2","55.5","2968","10586","1445","2877","80","951","404","1028",".272",".336",".352",".688","82","","","","","","","","","","","","","","*65H4/D379",0
"175","7","Scott Rolen HOF","3rd","140","35.3%","99","40","17","70.1","43.6","56.9","56.3","2038","7398","1211","2077","316","1287","118","899",".281",".364",".490",".855","122","","","","","","","","","","","","","","*5/H",0
"176","8","Billy Wagner","5th","126","31.7%","107","24","16","27.7","19.8","23.7","32.5","810","20","1","2","0","1","0","1",".100",".143",".100",".243","-35","47","40","2.31","187","0.998","853","0","422","903.0","601","82","300","1196","*1",0
"177","9","Gary Sheffield","6th","121","30.5%","158","61","22","60.5","38.0","49.3","56.7","2576","9217","1636","2689","509","1676","253","1475",".292",".393",".514",".907","140","","","","","","","","","","","","","","*9*7*5*D6H/3",0
"178","10","Todd Helton HOF","2nd","116","29.2%","175","59","17","61.8","46.6","54.2","53.4","2247","7962","1401","2519","369","1406","37","1335",".316",".414",".539",".953","133","","","","","","","","","","","","","","*3H/7D9",0
"179","11","Manny Ramirez","4th","112","28.2%","226","69","19","69.3","39.9","54.6","53.4","2302","8244","1544","2574","555","1831","38","1329",".312",".411",".585",".996","154","","","","","","","","","","","","","","*7*9*DH",0
"180","12","Jeff Kent","7th","109","27.5%","123","51","17","55.4","35.8","45.6","57.1","2298","8498","1320","2461","377","1518","94","801",".290",".356",".500",".855","123","","","","","","","","","","","","","","*453H/D6",0
"181","13","Andruw Jones","3rd","77","19.4%","109","34","17","62.7","46.4","54.6","58.2","2196","7599","1204","1933","434","1289","152","891",".254",".337",".486",".823","111","","","","","","","","","","","","","","*89H7D/3",0
"182","14","Sammy Sosa","8th","55","13.9%","202","52","18","58.6","43.8","51.2","56.7","2354","8813","1475","2408","609","1667","234","929",".273",".344",".534",".878","128","","","","","","","","","","","","","","*98DH/7",0
"183","15","Andy Pettitte","2nd","45","11.3%","128","44","18","60.2","34.1","47.2","61.5","108","196","6","27","1","13","0","6",".138",".163",".184",".346","-10","256","153","3.85","117","1.351","531","521","0","3316.0","3448","288","1031","2448","*1/H",0
"184","16","Bobby Abreu","1st","22","5.5%","95","54","18","60.2","41.6","50.9","56.7","2425","8480","1453","2470","288","1363","400","1476",".291",".395",".475",".870","128","","","","","","","","","","","","","","*9DH7/8",0
"185","17","X-Paul Konerko","1st","10","2.5%","80","36","18","28.1","21.5","24.8","53.4","2349","8393","1162","2340","439","1412","9","921",".279",".354",".486",".841","118","","","","","","","","","","","","","","*3*DH/57",0
"186","18","X-Jason Giambi","1st","6","1.5%","108","44","20","50.5","42.2","46.3","53.4","2260","7267","1227","2010","440","1441","20","1366",".277",".399",".516",".916","139","","","","","","","","","","","","","","*3*DH75/9",0
"187","19","X-Alfonso Soriano","1st","6","1.5%","105","31","16","28.6","27.6","28.1","53.4","1975","7750","1152","2095","412","1159","289","496",".270",".319",".500",".819","112","","","","","","","","","","","","","","*7*4DH/9856",0
"188","20","X-Cliff Lee","1st","2","0.5%","72","30","13","43.2","39.7","41.4","61.5","133","291","18","51","2","19","2","5",".175",".189",".227",".415","13","143","91","3.52","118","1.196","328","324","0","2156.2","2116","223","464","1824","*1/H",0
"189","21","X-Eric Chavez","1st","2","0.5%","29","25","17","38.3","31.1","34.7","56.3","1615","5518","816","1477","260","902","50","639",".268",".342",".475",".818","115","","","","","","","","","","","","","","*5HD/367",0
"190","22","X-J.J. Putz","1st","1","0.3%","25","17","12","13.1","12.9","13.0","32.5","212","0","0","0","0","0","0","0","","","","","","37","33","3.08","138","1.152","572","0","189","566.2","469","50","184","599","*1",0
"191","23","X-Brad Penny","1st","1","0.3%","23","11","14","18.9","21.4","20.1","61.5","288","529","27","83","3","34","0","3",".157",".166",".214",".380","-1","121","101","4.29","99","1.376","349","319","0","1925.0","2030","194","619","1273","*1/H",0
"192","24","X-Raúl Ibañez","1st","1","0.3%","38","27","19","20.9","20.1","20.5","53.4","2161","7471","1055","2034","305","1207","50","713",".272",".335",".465",".801","111","","","","","","","","","","","","","","*7*DH93/852",0
"193","25","X-Adam Dunn","1st","1","0.3%","75","32","14","17.9","17.7","17.8","53.4","2001","6883","1097","1631","462","1168","63","1317",".237",".364",".490",".854","124","0","0","9.00","76","3.000","1","0","0","1.0","2","0","1","0","*7*3*D9H/1",0
"194","26","X-Brian Roberts","1st","0","0.0%","34","24","14","29.5","28.1","28.8","57.1","1418","5531","850","1527","97","542","285","609",".276",".347",".409",".756","101","","","","","","","","","","","","","","*4H6D",0
"195","27","X-Carlos Peña","1st","0","0.0%","25","18","14","25.5","24.1","24.8","53.4","1493","4949","745","1146","286","818","29","817",".232",".346",".462",".808","117","","","","","","","","","","","","","","*3DH/7",0
"196","28","X-Rafael Furcal","1st","0","0.0%","54","32","14","39.5","30.8","35.1","55.5","1614","6477","1063","1817","113","587","314","643",".281",".346",".402",".748","96","","","","","","","","","","","","","","*6H4",0
"197","29","X-Chone Figgins","1st","0","0.0%","18","19","12","22.0","22.5","22.3","56.3","1282","4701","708","1298","35","403","341","540",".276",".349",".363",".712","92","","","","","","","","","","","","","","*5487H/69D",0
"198","30","X-José Valverde","1st","0","0.0%","51","13","12","11.5","12.0","11.7","32.5","387","2","1","1","0","0","0","0",".500",".500","1.000","1.500","276","27","33","3.27","133","1.196","626","0","288","630.1","490","67","264","692","*1",0
"199","31","X-Heath Bell","1st","0","0.0%","31","13","11","7.1","8.9","8.0","32.5","549","6","0","0","0","0","0","0",".000",".000",".000",".000","-100","38","32","3.49","112","1.269","590","0","168","628.2","584","48","214","637","*1",0
"200","32","X-Josh Beckett","1st","0","0.0%","43","23","14","35.7","31.2","33.4","61.5","153","289","19","41","3","18","0","12",".142",".175",".215",".390","4","138","106","3.88","111","1.232","335","332","0","2051.0","1897","238","629","1901","*1",0
"201","1","Curt Schilling","9th","285","71.1%","171","46","20","79.5","48.6","64.1","61.5","402","773","39","117","0","29","1","25",".151",".178",".171",".348","-9","216","146","3.46","127","1.137","569","436","22","3261.0","2998","347","711","3116","*1/H",0
"202","2","Barry Bonds","9th","248","61.8%","340","77","22","162.8","72.7","117.8","53.4","2986","9847","2227","2935","762","1996","514","2558",".298",".444",".607","1.051","182","","","","","","","","","","","","","","*78HD/9",0
"203","3","Roger Clemens","9th","247","61.6%","332","73","24","139.2","65.9","102.6","61.5","95","179","5","31","0","12","0","13",".173",".236",".207",".443","17","354","184","3.12","143","1.173","709","707","0","4916.2","4185","363","1580","4672","*1",0
"204","4","Scott Rolen HOF","4th","212","52.9%","99","40","17","70.1","43.6","56.9","56.3","2038","7398","1211","2077","316","1287","118","899",".281",".364",".490",".855","122","","","","","","","","","","","","","","*5/H",0
"205","5","Omar Vizquel","4th","197","49.1%","120","42","24","45.6","26.8","36.2","55.5","2968","10586","1445","2877","80","951","404","1028",".272",".336",".352",".688","82","","","","","","","","","","","","","","*65H4/D379",0
"206","6","Billy Wagner","6th","186","46.4%","107","24","16","27.7","19.8","23.7","32.5","810","20","1","2","0","1","0","1",".100",".143",".100",".243","-35","47","40","2.31","187","0.998","853","0","422","903.0","601","82","300","1196","*1",0
"207","7","Todd Helton HOF","3rd","180","44.9%","175","59","17","61.8","46.6","54.2","53.4","2247","7962","1401","2519","369","1406","37","1335",".316",".414",".539",".953","133","","","","","","","","","","","","","","*3H/7D9",0
"208","8","Gary Sheffield","7th","163","40.6%","158","61","22","60.5","38.0","49.3","56.7","2576","9217","1636","2689","509","1676","253","1475",".292",".393",".514",".907","140","","","","","","","","","","","","","","*9*7*5*D6H/3",0
"209","9","Andruw Jones","4th","136","33.9%","109","34","17","62.7","46.4","54.6","58.2","2196","7599","1204","1933","434","1289","152","891",".254",".337",".486",".823","111","","","","","","","","","","","","","","*89H7D/3",0
"210","10","Jeff Kent","8th","130","32.4%","123","51","17","55.4","35.8","45.6","57.1","2298","8498","1320","2461","377","1518","94","801",".290",".356",".500",".855","123","","","","","","","","","","","","","","*453H/D6",0
"211","11","Manny Ramirez","5th","113","28.2%","226","69","19","69.3","39.9","54.6","53.4","2302","8244","1544","2574","555","1831","38","1329",".312",".411",".585",".996","154","","","","","","","","","","","","","","*7*9*DH",0
"212","12","Sammy Sosa","9th","68","17.0%","202","52","18","58.6","43.8","51.2","56.7","2354","8813","1475","2408","609","1667","234","929",".273",".344",".534",".878","128","","","","","","","","","","","","","","*98DH/7",0
"213","13","Andy Pettitte","3rd","55","13.7%","128","44","18","60.2","34.1","47.2","61.5","108","196","6","27","1","13","0","6",".138",".163",".184",".346","-10","256","153","3.85","117","1.351","531","521","0","3316.0","3448","288","1031","2448","*1/H",0
"214","14","Mark Buehrle","1st","44","11.0%","52","31","16","59.1","35.8","47.4","61.5","55","125","4","9","1","3","0","2",".072",".087",".112",".199","-47","214","160","3.81","117","1.281","518","493","0","3283.1","3472","361","734","1870","*1",0
"215","15","Torii Hunter","1st","38","9.5%","58","34","19","50.7","30.8","40.7","58.2","2372","8857","1296","2452","353","1391","195","661",".277",".331",".461",".793","110","","","","","","","","","","","","","","*8*9DH/7",0
"216","16","Bobby Abreu","2nd","35","8.7%","95","54","18","60.2","41.6","50.9","56.7","2425","8480","1453","2470","288","1363","400","1476",".291",".395",".475",".870","128","","","","","","","","","","","","","","*9DH7/8",0
"217","17","Tim Hudson","1st","21","5.2%","66","42","17","57.9","38.3","48.1","61.5","297","613","35","98","4","42","0","26",".160",".196",".214",".410","10","222","133","3.49","120","1.239","482","479","0","3126.2","2957","248","917","2080","*1/HD",0
"218","18","X-Aramis Ramírez","1st","4","1.0%","85","39","18","32.4","29.4","30.9","56.3","2194","8136","1098","2303","386","1417","29","633",".283",".341",".492",".833","115","","","","","","","","","","","","","","*5H/D3",0
"219","19","X-LaTroy Hawkins","1st","2","0.5%","36","4","21","17.8","16.1","17.0","32.5","528","8","0","0","0","0","0","0",".000",".000",".000",".000","-100","75","94","4.31","106","1.406","1042","98","127","1467.1","1607","163","456","983","*1",0
"220","20","X-Barry Zito","1st","1","0.2%","48","19","15","31.9","30.6","31.3","61.5","213","344","12","35","0","11","0","18",".102",".146",".102",".248","-31","165","143","4.04","105","1.337","433","421","0","2576.2","2381","282","1064","1885","*1/H",0
"221","21","X-Dan Haren","1st","0","0.0%","30","26","13","35.1","33.2","34.1","61.5","218","414","31","83","2","39","0","17",".200",".233",".278",".511","36","153","131","3.75","109","1.181","391","380","1","2419.2","2357","305","500","2013","*1/H",0
"222","22","X-Michael Cuddyer","1st","0","0.0%","26","19","15","17.8","15.4","16.6","56.7","1536","5488","809","1522","197","794","75","527",".277",".344",".461",".805","113","0","0","0.00","","3.000","1","0","0","1.0","2","0","1","0","*935H47D/81",0
"223","23","X-Nick Swisher","1st","0","0.0%","14","19","12","21.4","23.5","22.5","56.7","1527","5369","805","1338","245","803","13","817",".249",".351",".447",".799","113","0","0","0.00","","2.000","1","0","0","1.0","1","0","1","1","*9*378DH/1",0
"224","24","X-Shane Victorino","1st","0","0.0%","32","15","12","31.5","28.9","30.2","58.2","1299","4630","731","1274","108","489","231","381",".275",".340",".425",".765","102","","","","","","","","","","","","","","*8*97H",0
"225","25","X-A.J. Burnett","1st","0","0.0%","29","20","17","28.8","21.7","25.3","61.5","249","493","20","56","4","19","0","20",".114",".151",".166",".317","-14","164","157","3.99","104","1.325","435","430","0","2731.1","2519","263","1100","2513","*1/H",0
"226","1","David Ortiz","1st","307","77.9%","171","55","20","55.3","35.2","45.3","53.4","2408","8640","1419","2472","541","1768","17","1319",".286",".380",".552",".931","141","","","","","","","","","","","","","","*D3H",1
"227","2","X-Barry Bonds","10th","260","66.0%","340","77","22","162.8","72.7","117.8","53.4","2986","9847","2227","2935","762","1996","514","2558",".298",".444",".607","1.051","182","","","","","","","","","","","","","","*78HD/9",0
"228","3","X-Roger Clemens","10th","257","65.2%","332","73","24","139.2","65.9","102.6","61.5","95","179","5","31","0","12","0","13",".173",".236",".207",".443","17","354","184","3.12","143","1.173","709","707","0","4916.2","4185","363","1580","4672","*1",0
"229","4","Scott Rolen HOF","5th","249","63.2%","99","40","17","70.1","43.6","56.9","56.3","2038","7398","1211","2077","316","1287","118","899",".281",".364",".490",".855","122","","","","","","","","","","","","","","*5/H",0
"230","5","X-Curt Schilling","10th","231","58.6%","171","46","20","79.5","48.6","64.1","61.5","402","773","39","117","0","29","1","25",".151",".178",".171",".348","-9","216","146","3.46","127","1.137","569","436","22","3261.0","2998","347","711","3116","*1/H",0
"231","6","Todd Helton HOF","4th","205","52.0%","175","59","17","61.8","46.6","54.2","53.4","2247","7962","1401","2519","369","1406","37","1335",".316",".414",".539",".953","133","","","","","","","","","","","","","","*3H/7D9",0
"232","7","Billy Wagner","7th","201","51.0%","107","24","16","27.7","19.8","23.7","32.5","810","20","1","2","0","1","0","1",".100",".143",".100",".243","-35","47","40","2.31","187","0.998","853","0","422","903.0","601","82","300","1196","*1",0
"233","8","Andruw Jones","5th","163","41.4%","109","34","17","62.7","46.4","54.6","58.2","2196","7599","1204","1933","434","1289","152","891",".254",".337",".486",".823","111","","","","","","","","","","","","","","*89H7D/3",0
"234","9","Gary Sheffield","8th","160","40.6%","158","61","22","60.5","38.0","49.3","56.7","2576","9217","1636","2689","509","1676","253","1475",".292",".393",".514",".907","140","","","","","","","","","","","","","","*9*7*5*D6H/3",0
"235","10","Alex Rodriguez","1st","135","34.3%","390","77","22","117.6","64.3","90.9","55.5","2784","10566","2021","3115","696","2086","329","1338",".295",".380",".550",".930","140","","","","","","","","","","","","","","*6*5DH/3",0
"236","11","Jeff Kent","9th","129","32.7%","123","51","17","55.4","35.8","45.6","57.1","2298","8498","1320","2461","377","1518","94","801",".290",".356",".500",".855","123","","","","","","","","","","","","","","*453H/D6",0
"237","12","Manny Ramirez","6th","114","28.9%","226","69","19","69.3","39.9","54.6","53.4","2302","8244","1544","2574","555","1831","38","1329",".312",".411",".585",".996","154","","","","","","","","","","","","","","*7*9*DH",0
"238","13","Omar Vizquel","5th","94","23.9%","120","42","24","45.6","26.8","36.2","55.5","2968","10586","1445","2877","80","951","404","1028",".272",".336",".352",".688","82","","","","","","","","","","","","","","*65H4/D379",0
"239","14","X-Sammy Sosa","10th","73","18.5%","202","52","18","58.6","43.8","51.2","56.7","2354","8813","1475","2408","609","1667","234","929",".273",".344",".534",".878","128","","","","","","","","","","","","","","*98DH/7",0
"240","15","Andy Pettitte","4th","42","10.7%","128","44","18","60.2","34.1","47.2","61.5","108","196","6","27","1","13","0","6",".138",".163",".184",".346","-10","256","153","3.85","117","1.351","531","521","0","3316.0","3448","288","1031","2448","*1/H",0
"241","16","Jimmy Rollins","1st","37","9.4%","121","42","17","47.6","32.6","40.1","55.5","2275","9294","1421","2455","231","936","470","813",".264",".324",".418",".743","95","","","","","","","","","","","","","","*6H/D4",0
"242","17","Bobby Abreu","3rd","34","8.6%","95","54","18","60.2","41.6","50.9","56.7","2425","8480","1453","2470","288","1363","400","1476",".291",".395",".475",".870","128","","","","","","","","","","","","","","*9DH7/8",0
"243","18","Mark Buehrle","2nd","23","5.8%","52","31","16","59.1","35.8","47.4","61.5","55","125","4","9","1","3","0","2",".072",".087",".112",".199","-47","214","160","3.81","117","1.281","518","493","0","3283.1","3472","361","734","1870","*1",0
"244","19","Torii Hunter","2nd","21","5.3%","58","34","19","50.7","30.8","40.7","58.2","2372","8857","1296","2452","353","1391","195","661",".277",".331",".461",".793","110","","","","","","","","","","","","","","*8*9DH/7",0
"245","20","X-Joe Nathan","1st","17","4.3%","98","29","16","26.7","21.7","24.2","32.5","168","63","4","10","2","4","0","3",".159",".194",".302",".496","27","64","34","2.87","151","1.120","787","29","377","923.1","690","84","344","976","*1",0
"246","21","X-Tim Hudson","2nd","12","3.0%","66","42","17","57.9","38.3","48.1","61.5","297","613","35","98","4","42","0","26",".160",".196",".214",".410","10","222","133","3.49","120","1.239","482","479","0","3126.2","2957","248","917","2080","*1/HD",0
"247","22","X-Tim Lincecum","1st","9","2.3%","66","17","10","19.5","23.9","21.7","61.5","262","474","26","53","0","19","0","34",".112",".171",".129",".300","-16","110","89","3.74","104","1.293","278","270","1","1682.0","1506","147","669","1736","1/H",0
"248","23","X-Ryan Howard","1st","8","2.0%","99","25","13","14.7","19.2","17.0","53.4","1572","5707","848","1475","382","1194","12","709",".258",".343",".515",".859","125","","","","","","","","","","","","","","*3H/D",0
"249","24","X-Mark Teixeira","1st","6","1.5%","109","33","14","50.6","38.0","44.3","53.4","1862","6936","1099","1862","409","1298","26","918",".268",".360",".509",".869","126","","","","","","","","","","","","","","*3D/H957",0
"250","25","X-Jonathan Papelbon","1st","5","1.3%","80","23","12","23.3","19.5","21.4","32.5","306","0","0","0","0","0","0","0","","","","","","41","36","2.44","177","1.043","689","3","368","725.2","572","57","185","808","*1",0
"251","26","X-Justin Morneau","1st","5","1.3%","56","20","14","27.0","24.4","25.7","53.4","1545","5699","772","1603","247","985","5","573",".281",".348",".481",".828","120","","","","","","","","","","","","","","*3DH",0
"252","27","X-A.J. Pierzynski","1st","2","0.5%","108","30","19","23.8","18.1","20.9","44.3","2059","7290","807","2043","188","909","15","308",".280",".319",".420",".739","94","","","","","","","","","","","","","","*2HD",0
"253","28","X-Prince Fielder","1st","2","0.5%","85","27","12","23.8","24.9","24.4","53.4","1611","5821","862","1645","319","1028","18","847",".283",".382",".506",".887","134","","","","","","","","","","","","","","*3DH",0
"254","29","X-Jake Peavy","1st","0","0.0%","56","27","15","39.2","30.7","35.0","61.5","278","519","48","87","3","33","0","22",".168",".205",".222",".427","17","152","126","3.63","110","1.196","388","377","0","2377.0","2134","259","708","2207","*1/H",0
"255","30","X-Carl Crawford","1st","0","0.0%","53","22","15","39.1","32.3","35.7","53.4","1716","6655","998","1931","136","766","480","377",".290",".330",".435",".765","105","","","","","","","","","","","","","","*7H8D",0
"256","1","Scott Rolen","6th","297","76.3%","99","40","17","70.1","43.6","56.9","56.3","2038","7398","1211","2077","316","1287","118","899",".281",".364",".490",".855","122","","","","","","","","","","","","","","*5/H",1
"257","2","Todd Helton HOF","5th","281","72.2%","175","59","17","61.8","46.6","54.2","53.4","2247","7962","1401","2519","369","1406","37","1335",".316",".414",".539",".953","133","","","","","","","","","","","","","","*3H/7D9",0
"258","3","Billy Wagner","8th","265","68.1%","107","24","16","27.7","19.8","23.7","32.5","810","20","1","2","0","1","0","1",".100",".143",".100",".243","-35","47","40","2.31","187","0.998","853","0","422","903.0","601","82","300","1196","*1",0
"259","4","Andruw Jones","6th","226","58.1%","109","34","17","62.7","46.4","54.6","58.2","2196","7599","1204","1933","434","1289","152","891",".254",".337",".486",".823","111","","","","","","","","","","","","","","*89H7D/3",0
"260","5","Gary Sheffield","9th","214","55.0%","158","61","22","60.5","38.0","49.3","56.7","2576","9217","1636","2689","509","1676","253","1475",".292",".393",".514",".907","140","","","","","","","","","","","","","","*9*7*5*D6H/3",0
"261","6","Carlos Beltrán","1st","181","46.5%","126","52","20","70.1","44.4","57.3","58.2","2586","9768","1582","2725","435","1587","312","1084",".279",".350",".486",".837","119","","","","","","","","","","","","","","*8*9*DH/73",0
"262","7","X-Jeff Kent","10th","181","46.5%","123","51","17","55.4","35.8","45.6","57.1","2298","8498","1320","2461","377","1518","94","801",".290",".356",".500",".855","123","","","","","","","","","","","","","","*453H/D6",0
"263","8","Alex Rodriguez","2nd","139","35.7%","390","77","22","117.6","64.3","90.9","55.5","2784","10566","2021","3115","696","2086","329","1338",".295",".380",".550",".930","140","","","","","","","","","","","","","","*6*5DH/3",0
"264","9","Manny Ramirez","7th","129","33.2%","226","69","19","69.3","39.9","54.6","53.4","2302","8244","1544","2574","555","1831","38","1329",".312",".411",".585",".996","154","","","","","","","","","","","","","","*7*9*DH",0
"265","10","Omar Vizquel","6th","76","19.5%","120","42","24","45.6","26.8","36.2","55.5","2968","10586","1445","2877","80","951","404","1028",".272",".336",".352",".688","82","","","","","","","","","","","","","","*65H4/D379",0
"266","11","Andy Pettitte","5th","66","17.0%","128","44","18","60.2","34.1","47.2","61.5","108","196","6","27","1","13","0","6",".138",".163",".184",".346","-10","256","153","3.85","117","1.351","531","521","0","3316.0","3448","288","1031","2448","*1/H",0
"267","12","Bobby Abreu","4th","60","15.4%","95","54","18","60.2","41.6","50.9","56.7","2425","8480","1453","2470","288","1363","400","1476",".291",".395",".475",".870","128","","","","","","","","","","","","","","*9DH7/8",0
"268","13","Jimmy Rollins","2nd","50","12.9%","121","42","17","47.6","32.6","40.1","55.5","2275","9294","1421","2455","231","936","470","813",".264",".324",".418",".743","95","","","","","","","","","","","","","","*6H/D4",0
"269","14","Mark Buehrle","3rd","42","10.8%","52","31","16","59.1","35.8","47.4","61.5","55","125","4","9","1","3","0","2",".072",".087",".112",".199","-47","214","160","3.81","117","1.281","518","493","0","3283.1","3472","361","734","1870","*1",0
"270","15","Francisco Rodríguez","1st","42","10.8%","124","16","16","24.2","17.6","20.9","32.5","437","2","0","1","0","0","0","0",".500",".500",".500","1.000","178","52","53","2.86","148","1.155","948","0","437","976.0","738","98","389","1142","*1",0
"271","16","Torii Hunter","3rd","27","6.9%","58","34","19","50.7","30.8","40.7","58.2","2372","8857","1296","2452","353","1391","195","661",".277",".331",".461",".793","110","","","","","","","","","","","","","","*8*9DH/7",0
"272","17","X-Huston Street","1st","1","0.3%","57","23","13","14.5","12.2","13.3","32.5","304","2","0","0","0","0","0","0",".000",".000",".000",".000","-100","42","34","2.95","141","1.066","668","0","324","680.0","542","70","183","665","*1",0
"273","18","X-Bronson Arroyo","1st","1","0.3%","15","15","16","23.4","22.8","23.1","61.5","353","629","35","81","6","29","1","14",".129",".148",".183",".331","-13","148","137","4.28","101","1.301","419","383","1","2435.2","2507","347","661","1571","*1/H",0
"274","19","X-Mike Napoli","1st","1","0.3%","17","25","12","26.3","22.0","24.2","44.3","1392","4572","697","1125","267","744","39","650",".246",".346",".475",".821","117","","","","","","","","","","","","","","*3*2DH/7",0
"275","20","X-John Lackey","1st","1","0.3%","48","28","15","37.3","29.2","33.3","61.5","121","236","6","26","0","8","1","9",".110",".143",".140",".283","-24","188","147","3.92","110","1.295","448","446","0","2840.1","2862","319","815","2294","*1/H",0
"276","21","X-R.A. Dickey","1st","1","0.3%","25","11","15","23.7","22.4","23.0","61.5","137","267","13","45","0","16","0","4",".169",".184",".180",".364","0","120","118","4.04","103","1.300","400","300","2","2073.2","2033","264","663","1477","*1/H",0
"277","22","X-Jhonny Peralta","1st","0","0.0%","34","24","15","30.4","26.5","28.5","55.5","1798","6599","841","1761","202","873","17","606",".267",".329",".423",".752","102","","","","","","","","","","","","","","*65H/D37",0
"278","23","X-J.J. Hardy","1st","0","0.0%","18","19","13","28.1","24.0","26.0","55.5","1561","5805","718","1488","188","688","8","411",".256",".305",".408",".714","91","","","","","","","","","","","","","","*6/H",0
"279","24","X-Andre Ethier","1st","0","0.0%","21","18","12","21.5","18.8","20.2","56.7","1455","4800","641","1367","162","687","29","519",".285",".359",".463",".822","122","","","","","","","","","","","","","","*97H8/D3",0
"280","25","X-Jacoby Ellsbury","1st","0","0.0%","36","16","11","31.2","28.0","29.6","58.2","1235","4846","749","1376","104","512","343","399",".284",".342",".417",".760","103","","","","","","","","","","","","","","*87H9/D",0
"281","26","X-Matt Cain","1st","0","0.0%","26","14","13","29.1","29.0","29.1","61.5","332","611","27","74","7","34","0","21",".121",".151",".180",".331","-10","104","118","3.68","108","1.228","342","331","0","2085.2","1849","211","712","1694","*1/H",0
"282","27","X-Jered Weaver","1st","0","0.0%","47","30","12","34.6","31.2","32.9","61.5","28","55","3","4","0","1","0","2",".073",".105",".073",".178","-50","150","98","3.63","111","1.191","331","331","0","2067.1","1912","262","551","1621","*1",0
"283","28","X-Jayson Werth","1st","0","0.0%","19","23","15","29.2","27.5","28.3","56.7","1583","5484","883","1465","229","799","132","764",".267",".360",".455",".816","117","","","","","","","","","","","","","","*9*78H/D3",0
"284","1","Adrián Beltré","1st","366","95.1%","163","55","21","93.5","48.7","71.1","56.3","2933","11068","1524","3166","477","1707","121","848",".286",".339",".480",".819","116","","","","","","","","","","","","","","*5D/H64",1
"285","2","Todd Helton","6th","307","79.7%","175","59","17","61.8","46.6","54.2","53.4","2247","7962","1401","2519","369","1406","37","1335",".316",".414",".539",".953","133","","","","","","","","","","","","","","*3H/7D9",1
"286","3","Joe Mauer","1st","293","76.1%","92","41","15","55.2","39.0","47.1","44.3","1858","6930","1018","2123","143","923","52","939",".306",".388",".439",".827","124","","","","","","","","","","","","","","*2*3*DH/9",1
"287","4","Billy Wagner","9th","284","73.8%","107","24","16","27.7","19.8","23.7","32.5","810","20","1","2","0","1","0","1",".100",".143",".100",".243","-35","47","40","2.31","187","0.998","853","0","422","903.0","601","82","300","1196","*1",0
"288","5","X-Gary Sheffield","10th","246","63.9%","158","61","22","60.5","38.0","49.3","56.7","2576","9217","1636","2689","509","1676","253","1475",".292",".393",".514",".907","140","","","","","","","","","","","","","","*9*7*5*D6H/3",0
"289","6","Andruw Jones","7th","237","61.6%","109","34","17","62.7","46.4","54.6","58.2","2196","7599","1204","1933","434","1289","152","891",".254",".337",".486",".823","111","","","","","","","","","","","","","","*89H7D/3",0
"290","7","Carlos Beltrán","2nd","220","57.1%","126","52","20","70.1","44.4","57.3","58.2","2586","9768","1582","2725","435","1587","312","1084",".279",".350",".486",".837","119","","","","","","","","","","","","","","*8*9*DH/73",0
"291","8","Alex Rodriguez","3rd","134","34.8%","390","77","22","117.6","64.3","90.9","55.5","2784","10566","2021","3115","696","2086","329","1338",".295",".380",".550",".930","140","","","","","","","","","","","","","","*6*5DH/3",0
"292","9","Manny Ramirez","8th","125","32.5%","226","69","19","69.3","39.9","54.6","53.4","2302","8244","1544","2574","555","1831","38","1329",".312",".411",".585",".996","154","","","","","","","","","","","","","","*7*9*DH",0
"293","10","Chase Utley","1st","111","28.8%","94","36","16","64.5","49.3","56.9","57.1","1937","6857","1103","1885","259","1025","154","724",".275",".358",".465",".823","117","","","","","","","","","","","","","","*4H3/D5",0
"294","11","Omar Vizquel","7th","68","17.7%","120","42","24","45.6","26.8","36.2","55.5","2968","10586","1445","2877","80","951","404","1028",".272",".336",".352",".688","82","","","","","","","","","","","","","","*65H4/D379",0
"295","12","Bobby Abreu","5th","57","14.8%","95","54","18","60.2","41.6","50.9","56.7","2425","8480","1453","2470","288","1363","400","1476",".291",".395",".475",".870","128","","","","","","","","","","","","","","*9DH7/8",0
"296","13","Jimmy Rollins","3rd","57","14.8%","121","42","17","47.6","32.6","40.1","55.5","2275","9294","1421","2455","231","936","470","813",".264",".324",".418",".743","95","","","","","","","","","","","","","","*6H/D4",0
"297","14","Andy Pettitte","6th","52","13.5%","128","44","18","60.2","34.1","47.2","61.5","108","196","6","27","1","13","0","6",".138",".163",".184",".346","-10","256","153","3.85","117","1.351","531","521","0","3316.0","3448","288","1031","2448","*1/H",0
"298","15","Mark Buehrle","4th","32","8.3%","52","31","16","59.1","35.8","47.4","61.5","55","125","4","9","1","3","0","2",".072",".087",".112",".199","-47","214","160","3.81","117","1.281","518","493","0","3283.1","3472","361","734","1870","*1",0
"299","16","Francisco Rodríguez","2nd","30","7.8%","124","16","16","24.2","17.6","20.9","32.5","437","2","0","1","0","0","0","0",".500",".500",".500","1.000","178","52","53","2.86","148","1.155","948","0","437","976.0","738","98","389","1142","*1",0
"300","17","Torii Hunter","4th","28","7.3%","58","34","19","50.7","30.8","40.7","58.2","2372","8857","1296","2452","353","1391","195","661",".277",".331",".461",".793","110","","","","","","","","","","","","","","*8*9DH/7",0
"301","18","David Wright","1st","24","6.2%","74","36","14","49.2","39.5","44.3","56.3","1585","5998","949","1777","242","970","196","762",".296",".376",".491",".867","133","","","","","","","","","","","","","","*5/HD6",0
"302","19","X-Víctor Martínez","1st","6","1.6%","63","37","16","32.0","29.0","30.5","44.3","1973","7297","914","2153","246","1178","7","730",".295",".360",".455",".815","118","","","","","","","","","","","","","","*D*23H",0
"303","20","X-José Bautista","1st","6","1.6%","78","26","15","36.7","38.2","37.5","56.7","1798","6051","1022","1496","344","975","70","1032",".247",".361",".475",".836","124","","","","","","","","","","","","","","*9*5DH873/4",0
"304","21","X-Bartolo Colón","1st","5","1.3%","88","37","21","46.2","35.5","40.8","61.5","148","299","11","25","1","11","0","1",".084",".092",".107",".199","-46","247","188","4.12","106","1.312","565","552","0","3461.2","3593","439","948","2535","*1",0
"305","22","X-Matt Holliday","1st","4","1.0%","110","41","15","44.5","34.3","39.4","53.4","1903","7009","1157","2096","316","1220","108","802",".299",".379",".510",".889","132","","","","","","","","","","","","","","*7DH/3",0
"306","23","X-Adrián González","1st","3","0.8%","90","31","15","43.5","34.6","39.1","53.4","1929","7139","997","2050","317","1202","6","782",".287",".358",".485",".843","129","","","","","","","","","","","","","","*3HD/9",0
"307","24","X-Brandon Phillips","1st","1","0.3%","68","28","17","28.4","24.8","26.6","57.1","1902","7378","1005","2029","211","951","209","420",".275",".320",".420",".740","95","","","","","","","","","","","","","","*4H/5D6",0
"308","25","X-José Reyes","1st","0","0.0%","76","36","16","37.5","29.3","33.4","55.5","1877","7552","1180","2138","145","719","517","589",".283",".334",".427",".761","103","0","0","54.00","10","7.000","1","0","0","1.0","5","2","2","0","*654H/871",0
"309","26","X-James Shields","1st","0","0.0%","28","18","13","30.7","28.2","29.4","61.5","70","142","15","24","0","6","0","3",".169",".186",".190",".376","5","145","139","4.01","102","1.272","407","405","0","2616.0","2581","361","746","2234","*1/H",0
